{
    "indextitle": "Perfect preparation to become a super host",
    "indexsubtitle": "Smart accommodation management platform with monthly subscription, Premo",
    "partners": "Our Partners",
    "allincontrol": "All in control with\nthe Premo App",
    "packagestitle": "Leave the troubles to Premo",
    "packagessub": "You can easily manage your accommodation with just a monthly subscription.\nCreate additional revenue opportunities with your spare time and money.",
    "video1": "With Premo There is no need to give the guest a password or key directly.",
    "video2": "With One-click you apartment will get a cleaning and furnishings at the level of a five-star hotel.",
    "video3": "With Premo you get a Reduced waste on management costs with a real-time monitoring app.",
    "cta": "Register the host authentication hot place in the app, or set the security mode so that you can go out with confidence.\nA variety of smart home environments lead to high guest satisfaction."
}