{
    "indextitle": "슈퍼 호스트가 되기 위한\n완벽한 준비",
    "indexsubtitle": "월 구독형 스마트 숙소관리 플랫폼, 프리모",
    "partners": "프리모 파트너사",
    "allincontrol": "지금 바로 다운로드 해보세요!",
    "packagestitle": "귀찮은 일들은 프리모에게 맡기세요",
    "packagessub": "월 구독 만으로 간편하게 숙소를 운영할 수 있습니다.\n남는 시간과 비용으로 추가 수익의 기회를 만들어보세요.",
    "video1": "게스트에게 비밀번호를 알려주거나\n키를 직접 전달할 필요가 없어요.",
    "video2": "호텔 수준의 청소 서비스와 비품 관리를\n원클릭으로 만나보세요.",
    "video3": "실시간 모니터링으로\n낭비되는 관리 비용을 절감합니다.",
    "cta": "앱에서 호스트 인증 핫플레이스를 등록하거나 안심하고 외출할 수 있도록 보안모드를 설정해보세요.\n다채로운 스마트홈 환경은 높은 게스트 만족도로 이어집니다."
}
