{
    "title": "premo",
    "counterTitle": "Counter",
    "bannerTitle": "Perfect preparation\nto become a super host",
    "bannerText2": "Premo is an integrated package of smart home devices\nand accommodation management platforms",
    "bannerText2Mo": "Premo is an integrated package of smart home devices and accommodation management platforms",
    "bannerButtonText": "Subscribe Now",
    "bannerText3": "More than 50 partners from 12 countries work with Premo.",
    "host": "Host",
    "mainPricingText1":"The easiest way to become a host",
    "learnMore": "Learn more",
    "mainInfoTitle1": "Manage more accommodations",
    "mainInfoTitle2" : "and make more money.",
    "mainInfoText1": "Leave the troubles to Premo.",
    "mainInfoText2" : "Create additional revenue opportunities with your spare time and money.",
    "premoAddress": "21-8, Dokmak-ro 15-gil, Mapo-gu, Seoul",
    "livingRoom": "Living Room",
    "kitchen": "Kitchen",
    "manualDownload": "Manual Download",
    "purchase": "Purchase",
    "premoSignup": "Sign up for Premo",
    "premoLogin": "Login",
    "signUp": "Sign Up",
    "verificationCompleted" : "Check Ok",
    "duplicateVerification": "Check",
    "check": "Check",
    "consulting" : "Consulting",
    "requestSectionTitle": "Do you want a consultation?",
    "guideTitle1": "Perfect Guide to Easy Start",
    "guideTitle2": "Premo Manual Service",
    "monthlyPayment": "Monthly payment",
    "lumpSum": "15% off in\n a lump sum payment",
    "packageConfigure": "Package Configuration",
    "utilizationService": "Utilization Service",
    "subscription": "Subscription Services",
    "payment": "Payment",
    "shipping": "Shipping",
    "total": "Total",
    "free":"Free",
    "faqTitle": "Do you have any questions?",
    "month": "Month",
    "day": "th",
    "ea": "EA",
    "paymentDay": "Payment Date",
    "price": "Price",
    "subscriptionPeriod": "Period",
    "date":"date",
    "premoService":"Premo Service",
    "invoiceNumber":"Invoice number",
    "beforeDelivery":"Before delivery",
    "shipped":"Shipped",
    "monthlySubscriptionDate": "Monthly Subscription Date",
    "myInfo": "My Info",
    "name": "Name",
    "password": "Password",
    "edit":"Edit",
    "mutual": "Mutual",
    "tel": "Tel",
    "representative":"Representative",
    "corporation":"Corporation",
    "keyweSmartLock":"KeyweSmartLock",
    "kimdohyun":"Kim Do Hyun",
    "complete":"Complete",
    "passwordlinkOk":"Send password change link",
    "acceptTermsofService": "Accept Terms of Service",
    "apply":"Apply",
    "refundInfo":"Cancel Payment/Refund Guide",
    "leaveContact":"If you leave your contact information, We will guide you with\nmore detailed service information and delivery.",
    "phone":"Cell Phone Number (Please enter without '-')",
    "premoHome":"Premo home",
    "email":"Email",
    "changePassword":"Change Password",
    "withdrawal":"Withdrawal",
    "premoPasswordPlaceHolder":"Please enter the new password",
    "premoPasswordCheckPlaceHolder":"Please re-enter the new password",
    "modify":"Modify",
    "address":"Address",
    "businessNumber":"Business Number",
    "cancelWithdrawal":"Cancel Withdrawal",
    "nextStep": "Next step",
    "withdrawaling":"Withdrawal",
    "premoServiceCenter": "Premo Service Center",
    "orderCustomerInfo":"Orderer Information",
    "salesReportNumber":"Communication Sales Report Number",
    "discountAmount":"Discount Amount",
    "orderAmount":"Order Amount",
    "amountOfPayment":"Amount Of Payment",
    "apply2":"Apply",
    "discountCode":"Dicount Code",
    "sale":"Sale",
    "expirationDate": "Expiration Date",
    "paymentDate": "Payment Date",
    "usePeriod": "Period",
    "total2": "Total",
    "next": "Next",
    "change": "Change",
    "orderShippingInfo": "It will take 2-3 days from the date when the order is made.",
    "subscriptionService": "Subscription Services",
    "ordererInfoEnter": "Please enter orderer information.",
    "emailNotifyComment": "We will notify you of receipts and updates by email.",
    "enterShippingInfo": "Enter Shipping Info",
    "countryArea": "Country/Area",
    "southKorea": "South Korea",
    "streetNameAddress": "Street Name Address",
    "zipCode": "Zip Code",
    "detailedAddress": "Detailed Address",
    "buildingAccessMethod": "Building Access Method (Options)",
    "packageComponents": "Package Components",
    "shippingInfo": "Shipping Info",
    "orderer": "Orderer",
    "shippingAddress": "Address",
    "recipient": "Recipient",
    "standardPackage": "Standard Package",
    "premiumPackage": "Premium Package",
    "lumpSumPaymentStandardPackage":"Lump sum payment Standard Package",
    "lumpSumPaymentPremiumPackage":"Lump sum payment Premium Package",
    "standardPackageComponents":"Premo Door Lock / Smart Hub",
    "premiumPackageComponents":"Premo Door Lock / Smart Hub / Motion Sensor / Door Sensor / Temperature and Humidity Sensor / Smoke Sensor / Gas Sensor",
    "enterDiscountCode": "Enter Discount Code",
    "subscriptionInfo": "Subscription Services",
    "VAT0": "Prices is exlucding VAT of ",
    "VAT1": "",
    "VAT2": "Total including: ",
    "paymentDetails": "Payment Details",
    "orderInfo": "Order Information",
    "back": "Back",
    "changelang": "Change Langunge",
    "accountcontrol": "Account Settings",
    "account": "Account",
    "resetpassword": "Reset Password",
    "changepassword": "Change Password",
    "confirmpassword": "Confirm Password",
    "lmonth": "Last Month",
    "monthleft": "Months Left",
    "subend": "Subscription Ended",
    "trackingno": "Tracking Number",
    "logout": "Logout",
    "bookconsultation": "Book Consultation",
    "pricing": "Pricing",
    "device": "Devices",
    "premozone": "Premo Zone",
    "loginshort": "Email or password are too short",
    "logged": "Logged in successfully",
    "loginerror": "Email or password are wrong.",
    "accountcreated": "Account created successfully.",
    "emailinuse": "Email is already been used.",
    "loggedback": "Logged back successfully.",
    "accepttos": "By using Premo, you agree to Terms of Service and Privacy Policy.",
    "resetpasswordnote": "After pressing reset password an email will be sent.",
    "resetsent": "Reset password email sent.",
    "404": "Not found"
} 